=== TABLE: busy ===agent_id,type,GpuTime,WallTime,Busy
1,GPU,54152237,55332784,0.978664601441344

=== TABLE: rocpd_info_kernel_symbol ===id,guid,nid,pid,code_object_id,kernel_name,display_name,kernel_object,kernarg_segment_size,kernarg_segment_alignment,group_segment_size,private_segment_size,sgpr_count,arch_vgpr_count,accum_vgpr_count,extdata
1,00003cb2-faf3-7af3-9f1a-9699fb014c99,1655282045,1298686,1,gemm_gate_up_mq4g256_lloyd_wmma.kd,gemm_gate_up_mq4g256_lloyd_wmma,128792507025344,56,16,512,0,128,112,0,"{""size"":88,""kernel_id"":1,""code_object_id"":1,""kernel_name"":""gemm_gate_up_mq4g256_lloyd_wmma.kd"",""kernel_object"":128792507025344,""kernarg_segment_size"":56,""kernarg_segment_alignment"":16,""group_segment_size"":512,""private_segment_size"":0,""sgpr_count"":128,""arch_vgpr_count"":112,""accum_vgpr_count"":0,""kernel_code_entry_byte_offset"":4160,""kernel_address"":{""handle"":128792507029504},""formatted_kernel_name"":""gemm_gate_up_mq4g256_lloyd_wmma"",""demangled_kernel_name"":""gemm_gate_up_mq4g256_lloyd_wmma.kd"",""truncated_kernel_name"":""gemm_gate_up_mq4g256_lloyd_wmma.kd""}"
2,00003cb2-faf3-7af3-9f1a-9699fb014c99,1655282045,1298686,2,__amd_rocclr_initHeap.kd,__amd_rocclr_initHeap,128792495514368,24,16,0,0,128,16,0,"{""size"":88,""kernel_id"":2,""code_object_id"":2,""kernel_name"":""__amd_rocclr_initHeap.kd"",""kernel_object"":128792495514368,""kernarg_segment_size"":24,""kernarg_segment_alignment"":16,""group_segment_size"":0,""private_segment_size"":0,""sgpr_count"":128,""arch_vgpr_count"":16,""accum_vgpr_count"":0,""kernel_code_entry_byte_offset"":16896,""kernel_address"":{""handle"":128792495531264},""formatted_kernel_name"":""__amd_rocclr_initHeap"",""demangled_kernel_name"":""__amd_rocclr_initHeap.kd"",""truncated_kernel_name"":""__amd_rocclr_initHeap.kd""}"
3,00003cb2-faf3-7af3-9f1a-9699fb014c99,1655282045,1298686,2,__amd_rocclr_streamOpsWait.kd,__amd_rocclr_streamOpsWait,128792495514304,40,16,0,0,128,8,0,"{""size"":88,""kernel_id"":3,""code_object_id"":2,""kernel_name"":""__amd_rocclr_streamOpsWait.kd"",""kernel_object"":128792495514304,""kernarg_segment_size"":40,""kernarg_segment_alignment"":16,""group_segment_size"":0,""private_segment_size"":0,""sgpr_count"":128,""arch_vgpr_count"":8,""accum_vgpr_count"":0,""kernel_code_entry_byte_offset"":16192,""kernel_address"":{""handle"":128792495530496},""formatted_kernel_name"":""__amd_rocclr_streamOpsWait"",""demangled_kernel_name"":""__amd_rocclr_streamOpsWait.kd"",""truncated_kernel_name"":""__amd_rocclr_streamOpsWait.kd""}"
4,00003cb2-faf3-7af3-9f1a-9699fb014c99,1655282045,1298686,2,__amd_rocclr_fillBufferAligned.kd,__amd_rocclr_fillBufferAligned,128792495513344,40,16,0,0,128,16,0,"{""size"":88,""kernel_id"":4,""code_object_id"":2,""kernel_name"":""__amd_rocclr_fillBufferAligned.kd"",""kernel_object"":128792495513344,""kernarg_segment_size"":40,""kernarg_segment_alignment"":16,""group_segment_size"":0,""private_segment_size"":0,""sgpr_count"":128,""arch_vgpr_count"":16,""accum_vgpr_count"":0,""kernel_code_entry_byte_offset"":5376,""kernel_address"":{""handle"":128792495518720},""formatted_kernel_name"":""__amd_rocclr_fillBufferAligned"",""demangled_kernel_name"":""__amd_rocclr_fillBufferAligned.kd"",""truncated_kernel_name"":""__amd_rocclr_fillBufferAligned.kd""}"
5,00003cb2-faf3-7af3-9f1a-9699fb014c99,1655282045,1298686,2,__amd_rocclr_copyBufferRect.kd,__amd_rocclr_copyBufferRect,128792495513600,384,16,0,0,128,16,0,"{""size"":88,""kernel_id"":5,""code_object_id"":2,""kernel_name"":""__amd_rocclr_copyBufferRect.kd"",""kernel_object"":128792495513600,""kernarg_segment_size"":384,""kernarg_segment_alignment"":16,""group_segment_size"":0,""private_segment_size"":0,""sgpr_count"":128,""arch_vgpr_count"":16,""accum_vgpr_count"":0,""kernel_code_entry_byte_offset"":8704,""kernel_address"":{""handle"":128792495522304},""formatted_kernel_name"":""__amd_rocclr_copyBufferRect"",""demangled_kernel_name"":""__amd_rocclr_copyBufferRect.kd"",""truncated_kernel_name"":""__amd_rocclr_copyBufferRect.kd""}"
6,00003cb2-faf3-7af3-9f1a-9699fb014c99,1655282045,1298686,2,__amd_rocclr_copyBufferRectAligned.kd,__amd_rocclr_copyBufferRectAligned,128792495513664,384,16,0,0,128,16,0,"{""size"":88,""kernel_id"":6,""code_object_id"":2,""kernel_name"":""__amd_rocclr_copyBufferRectAligned.kd"",""kernel_object"":128792495513664,""kernarg_segment_size"":384,""kernarg_segment_alignment"":16,""group_segment_size"":0,""private_segment_size"":0,""sgpr_count"":128,""arch_vgpr_count"":16,""accum_vgpr_count"":0,""kernel_code_entry_byte_offset"":9152,""kernel_address"":{""handle"":128792495522816},""formatted_kernel_name"":""__amd_rocclr_copyBufferRectAligned"",""demangled_kernel_name"":""__amd_rocclr_copyBufferRectAligned.kd"",""truncated_kernel_name"":""__amd_rocclr_copyBufferRectAligned.kd""}"
7,00003cb2-faf3-7af3-9f1a-9699fb014c99,1655282045,1298686,2,__amd_rocclr_fillBufferAligned2D.kd,__amd_rocclr_fillBufferAligned2D,128792495513408,336,16,0,0,128,8,0,"{""size"":88,""kernel_id"":7,""code_object_id"":2,""kernel_name"":""__amd_rocclr_fillBufferAligned2D.kd"",""kernel_object"":128792495513408,""kernarg_segment_size"":336,""kernarg_segment_alignment"":16,""group_segment_size"":0,""private_segment_size"":0,""sgpr_count"":128,""arch_vgpr_count"":8,""accum_vgpr_count"":0,""kernel_code_entry_byte_offset"":6848,""kernel_address"":{""handle"":128792495520256},""formatted_kernel_name"":""__amd_rocclr_fillBufferAligned2D"",""demangled_kernel_name"":""__amd_rocclr_fillBufferAligned2D.kd"",""truncated_kernel_name"":""__amd_rocclr_fillBufferAligned2D.kd""}"
8,00003cb2-faf3-7af3-9f1a-9699fb014c99,1655282045,1298686,2,__amd_rocclr_copyBuffer.kd,__amd_rocclr_copyBuffer,128792495513472,48,16,0,0,128,16,0,"{""size"":88,""kernel_id"":8,""code_object_id"":2,""kernel_name"":""__amd_rocclr_copyBuffer.kd"",""kernel_object"":128792495513472,""kernarg_segment_size"":48,""kernarg_segment_alignment"":16,""group_segment_size"":0,""private_segment_size"":0,""sgpr_count"":128,""arch_vgpr_count"":16,""accum_vgpr_count"":0,""kernel_code_entry_byte_offset"":7552,""kernel_address"":{""handle"":128792495521024},""formatted_kernel_name"":""__amd_rocclr_copyBuffer"",""demangled_kernel_name"":""__amd_rocclr_copyBuffer.kd"",""truncated_kernel_name"":""__amd_rocclr_copyBuffer.kd""}"
9,00003cb2-faf3-7af3-9f1a-9699fb014c99,1655282045,1298686,2,__amd_rocclr_copyImage.kd,__amd_rocclr_copyImage,128792495513856,320,16,0,0,128,8,0,"{""size"":88,""kernel_id"":9,""code_object_id"":2,""kernel_name"":""__amd_rocclr_copyImage.kd"",""kernel_object"":128792495513856,""kernarg_segment_size"":320,""kernarg_segment_alignment"":16,""group_segment_size"":0,""private_segment_size"":0,""sgpr_count"":128,""arch_vgpr_count"":8,""accum_vgpr_count"":0,""kernel_code_entry_byte_offset"":12288,""kernel_address"":{""handle"":128792495526144},""formatted_kernel_name"":""__amd_rocclr_copyImage"",""demangled_kernel_name"":""__amd_rocclr_copyImage.kd"",""truncated_kernel_name"":""__amd_rocclr_copyImage.kd""}"
10,00003cb2-faf3-7af3-9f1a-9699fb014c99,1655282045,1298686,2,__amd_rocclr_streamOpsIncrement.kd,__amd_rocclr_streamOpsIncrement,128792495514176,24,16,0,0,128,8,0,"{""size"":88,""kernel_id"":10,""code_object_id"":2,""kernel_name"":""__amd_rocclr_streamOpsIncrement.kd"",""kernel_object"":128792495514176,""kernarg_segment_size"":24,""kernarg_segment_alignment"":16,""group_segment_size"":0,""private_segment_size"":0,""sgpr_count"":128,""arch_vgpr_count"":8,""accum_vgpr_count"":0,""kernel_code_entry_byte_offset"":15808,""kernel_address"":{""handle"":128792495529984},""formatted_kernel_name"":""__amd_rocclr_streamOpsIncrement"",""demangled_kernel_name"":""__amd_rocclr_streamOpsIncrement.kd"",""truncated_kernel_name"":""__amd_rocclr_streamOpsIncrement.kd""}"
11,00003cb2-faf3-7af3-9f1a-9699fb014c99,1655282045,1298686,2,__amd_rocclr_streamOpsWrite.kd,__amd_rocclr_streamOpsWrite,128792495514112,24,16,0,0,128,8,0,"{""size"":88,""kernel_id"":11,""code_object_id"":2,""kernel_name"":""__amd_rocclr_streamOpsWrite.kd"",""kernel_object"":128792495514112,""kernarg_segment_size"":24,""kernarg_segment_alignment"":16,""group_segment_size"":0,""private_segment_size"":0,""sgpr_count"":128,""arch_vgpr_count"":8,""accum_vgpr_count"":0,""kernel_code_entry_byte_offset"":15616,""kernel_address"":{""handle"":128792495529728},""formatted_kernel_name"":""__amd_rocclr_streamOpsWrite"",""demangled_kernel_name"":""__amd_rocclr_streamOpsWrite.kd"",""truncated_kernel_name"":""__amd_rocclr_streamOpsWrite.kd""}"
12,00003cb2-faf3-7af3-9f1a-9699fb014c99,1655282045,1298686,2,__amd_rocclr_streamOpsDecrement.kd,__amd_rocclr_streamOpsDecrement,128792495514240,24,16,0,0,128,8,0,"{""size"":88,""kernel_id"":12,""code_object_id"":2,""kernel_name"":""__amd_rocclr_streamOpsDecrement.kd"",""kernel_object"":128792495514240,""kernarg_segment_size"":24,""kernarg_segment_alignment"":16,""group_segment_size"":0,""private_segment_size"":0,""sgpr_count"":128,""arch_vgpr_count"":8,""accum_vgpr_count"":0,""kernel_code_entry_byte_offset"":16000,""kernel_address"":{""handle"":128792495530240},""formatted_kernel_name"":""__amd_rocclr_streamOpsDecrement"",""demangled_kernel_name"":""__amd_rocclr_streamOpsDecrement.kd"",""truncated_kernel_name"":""__amd_rocclr_streamOpsDecrement.kd""}"
13,00003cb2-faf3-7af3-9f1a-9699fb014c99,1655282045,1298686,2,__amd_rocclr_copyBufferAligned.kd,__amd_rocclr_copyBufferAligned,128792495513536,304,16,0,0,128,8,0,"{""size"":88,""kernel_id"":13,""code_object_id"":2,""kernel_name"":""__amd_rocclr_copyBufferAligned.kd"",""kernel_object"":128792495513536,""kernarg_segment_size"":304,""kernarg_segment_alignment"":16,""group_segment_size"":0,""private_segment_size"":0,""sgpr_count"":128,""arch_vgpr_count"":8,""accum_vgpr_count"":0,""kernel_code_entry_byte_offset"":8256,""kernel_address"":{""handle"":128792495521792},""formatted_kernel_name"":""__amd_rocclr_copyBufferAligned"",""demangled_kernel_name"":""__amd_rocclr_copyBufferAligned.kd"",""truncated_kernel_name"":""__amd_rocclr_copyBufferAligned.kd""}"
14,00003cb2-faf3-7af3-9f1a-9699fb014c99,1655282045,1298686,2,__amd_rocclr_fillImage.kd,__amd_rocclr_fillImage,128792495513792,360,16,0,0,128,16,0,"{""size"":88,""kernel_id"":14,""code_object_id"":2,""kernel_name"":""__amd_rocclr_fillImage.kd"",""kernel_object"":128792495513792,""kernarg_segment_size"":360,""kernarg_segment_alignment"":16,""group_segment_size"":0,""private_segment_size"":0,""sgpr_count"":128,""arch_vgpr_count"":16,""accum_vgpr_count"":0,""kernel_code_entry_byte_offset"":11584,""kernel_address"":{""handle"":128792495525376},""formatted_kernel_name"":""__amd_rocclr_fillImage"",""demangled_kernel_name"":""__amd_rocclr_fillImage.kd"",""truncated_kernel_name"":""__amd_rocclr_fillImage.kd""}"
15,00003cb2-faf3-7af3-9f1a-9699fb014c99,1655282045,1298686,2,__amd_rocclr_batchMemOp.kd,__amd_rocclr_batchMemOp,128792495513728,272,16,0,0,128,8,0,"{""size"":88,""kernel_id"":15,""code_object_id"":2,""kernel_name"":""__amd_rocclr_batchMemOp.kd"",""kernel_object"":128792495513728,""kernarg_segment_size"":272,""kernarg_segment_alignment"":16,""group_segment_size"":0,""private_segment_size"":0,""sgpr_count"":128,""arch_vgpr_count"":8,""accum_vgpr_count"":0,""kernel_code_entry_byte_offset"":9856,""kernel_address"":{""handle"":128792495523584},""formatted_kernel_name"":""__amd_rocclr_batchMemOp"",""demangled_kernel_name"":""__amd_rocclr_batchMemOp.kd"",""truncated_kernel_name"":""__amd_rocclr_batchMemOp.kd""}"
16,00003cb2-faf3-7af3-9f1a-9699fb014c99,1655282045,1298686,2,__amd_rocclr_copyImage1DA.kd,__amd_rocclr_copyImage1DA,128792495513920,320,16,0,0,128,8,0,"{""size"":88,""kernel_id"":16,""code_object_id"":2,""kernel_name"":""__amd_rocclr_copyImage1DA.kd"",""kernel_object"":128792495513920,""kernarg_segment_size"":320,""kernarg_segment_alignment"":16,""group_segment_size"":0,""private_segment_size"":0,""sgpr_count"":128,""arch_vgpr_count"":8,""accum_vgpr_count"":0,""kernel_code_entry_byte_offset"":12736,""kernel_address"":{""handle"":128792495526656},""formatted_kernel_name"":""__amd_rocclr_copyImage1DA"",""demangled_kernel_name"":""__amd_rocclr_copyImage1DA.kd"",""truncated_kernel_name"":""__amd_rocclr_copyImage1DA.kd""}"
17,00003cb2-faf3-7af3-9f1a-9699fb014c99,1655282045,1298686,2,__amd_rocclr_copyBufferToImage.kd,__amd_rocclr_copyBufferToImage,128792495513984,416,16,0,0,128,16,0,"{""size"":88,""kernel_id"":17,""code_object_id"":2,""kernel_name"":""__amd_rocclr_copyBufferToImage.kd"",""kernel_object"":128792495513984,""kernarg_segment_size"":416,""kernarg_segment_alignment"":16,""group_segment_size"":0,""private_segment_size"":0,""sgpr_count"":128,""arch_vgpr_count"":16,""accum_vgpr_count"":0,""kernel_code_entry_byte_offset"":13184,""kernel_address"":{""handle"":128792495527168},""formatted_kernel_name"":""__amd_rocclr_copyBufferToImage"",""demangled_kernel_name"":""__amd_rocclr_copyBufferToImage.kd"",""truncated_kernel_name"":""__amd_rocclr_copyBufferToImage.kd""}"
18,00003cb2-faf3-7af3-9f1a-9699fb014c99,1655282045,1298686,2,__amd_rocclr_copyImageToBuffer.kd,__amd_rocclr_copyImageToBuffer,128792495514048,416,16,0,0,128,16,0,"{""size"":88,""kernel_id"":18,""code_object_id"":2,""kernel_name"":""__amd_rocclr_copyImageToBuffer.kd"",""kernel_object"":128792495514048,""kernarg_segment_size"":416,""kernarg_segment_alignment"":16,""group_segment_size"":0,""private_segment_size"":0,""sgpr_count"":128,""arch_vgpr_count"":16,""accum_vgpr_count"":0,""kernel_code_entry_byte_offset"":14400,""kernel_address"":{""handle"":128792495528448},""formatted_kernel_name"":""__amd_rocclr_copyImageToBuffer"",""demangled_kernel_name"":""__amd_rocclr_copyImageToBuffer.kd"",""truncated_kernel_name"":""__amd_rocclr_copyImageToBuffer.kd""}"

=== TABLE: rocpd_info_pmc ===id,guid,nid,pid,agent_id,target_arch,event_code,instance_id,name,symbol,description,long_description,component,units,value_type,block,expression,is_constant,is_derived,extdata
2362,00003cb2-faf3-7af3-9f1a-9699fb014c99,1655282045,1298686,1,GPU,,,L2CacheHit,L2CacheHit,"The percentage of fetch, write, atomic, and other instructions that hit the data in L2 cache. Value range: 0% (no hit) to 100% (optimal).","",rocm,"",ABS,"","100*reduce(GL2C_HIT,sum)/(reduce(GL2C_HIT,sum)+reduce(GL2C_MISS,sum))",0,1,"{""size"":312,""id"":{""handle"":43509},""type"":2,""cpu_cores_count"":0,""simd_count"":80,""mem_banks_count"":1,""caches_count"":86,""io_links_count"":1,""cpu_core_id_base"":0,""simd_id_base"":2147487744,""max_waves_per_simd"":16,""lds_size_in_kb"":64,""gds_size_in_kb"":0,""num_gws"":64,""wave_front_size"":32,""num_xcc"":1,""cu_count"":40,""array_count"":4,""num_shader_banks"":2,""simd_arrays_per_engine"":2,""cu_per_simd_array"":10,""simd_per_cu"":2,""max_slots_scratch_cu"":32,""gfx_target_version"":110501,""vendor_id"":4098,""device_id"":5510,""location_id"":50432,""domain"":0,""drm_render_minor"":128,""num_sdma_engines"":1,""num_sdma_xgmi_engines"":0,""num_sdma_queues_per_engine"":6,""num_cp_queues"":8,""max_engine_clk_ccompute"":5187,""max_engine_clk_fcompute"":2900,""sdma_fw_version"":{""uCodeSDMA"":14,""uCodeRes"":0},""fw_version"":{""uCode"":32,""Major"":0,""Minor"":0,""Stepping"":0},""capability"":{""HotPluggable"":0,""HSAMMUPresent"":0,""SharedWithGraphics"":0,""QueueSizePowerOfTwo"":0,""QueueSize32bit"":0,""QueueIdleEvent"":0,""VALimit"":0,""WatchPointsSupported"":1,""WatchPointsTotalBits"":2,""DoorbellType"":2,""AQLQueueDoubleMap"":0,""DebugTrapSupported"":1,""WaveLaunchTrapOverrideSupported"":1,""WaveLaunchModeSupported"":1,""PreciseMemoryOperationsSupported"":0,""DEPRECATED_SRAM_EDCSupport"":0,""Mem_EDCSupport"":0,""RASEventNotify"":0,""ASICRevision"":0,""SRAM_EDCSupport"":0,""SVMAPISupported"":1,""CoherentHostAccess"":0,""DebugSupportedFirmware"":1},""cu_per_engine"":20,""max_waves_per_cu"":32,""family_id"":150,""workgroup_max_size"":1024,""grid_max_size"":4294967295,""local_mem_size"":0,""hive_id"":0,""gpu_id"":35128,""workgroup_max_dim"":{""x"":1024,""y"":1024,""z"":1024},""grid_max_dim"":{""x"":2147483647,""y"":65535,""z"":65535},""name"":""gfx1151"",""vendor_name"":""AMD"",""product_name"":""Radeon 8060S Graphics"",""model_name"":""ip discovery"",""node_id"":1,""logical_node_id"":1,""logical_node_type_id"":0,""runtime_visibility"":{""hsa"":1,""hip"":1,""rccl"":1,""rocdecode"":1},""uuid"":{""bytes"":{""value0"":0,""value1"":0,""value2"":0,""value3"":0,""value4"":0,""value5"":0,""value6"":0,""value7"":0,""value8"":0,""value9"":0,""value10"":0,""value11"":0,""value12"":0,""value13"":0,""value14"":0,""value15"":0}},""mem_banks"":[{""heap_type"":1,""flags"":{""HotPluggable"":0,""NonVolatile"":0},""width"":256,""mem_clk_max"":1000,""size_in_bytes"":137438953472}],""caches"":[{""processor_id_low"":2147487744,""size"":32,""level"":1,""cache_line_size"":128,""cache_lines_per_tag"":0,""association"":0,""latency"":0,""type"":{""Data"":1,""Instruction"":0,""CPU"":0,""HSACU"":1}},{""processor_id_low"":2147487745,""size"":32,""level"":1,""cache_line_size"":128,""cache_lines_per_tag"":0,""association"":0,""latency"":0,""type"":{""Data"":1,""Instruction"":0,""CPU"":0,""HSACU"":1}},{""processor_id_low"":2147487746,""size"":32,""level"":1,""cache_line_size"":128,""cache_lines_per_tag"":0,""association"":0,""latency"":0,""type"":{""Data"":1,""Instruction"":0,""CPU"":0,""HSACU"":1}},{""processor_id_low"":2147487747,""size"":32,""level"":1,""cache_line_size"":128,""cache_lines_per_tag"":0,""association"":0,""latency"":0,""type"":{""Data"":1,""Instruction"":0,""CPU"":0,""HSACU"":1}},{""processor_id_low"":2147487748,""size"":32,""level"":1,""cache_line_size"":128,""cache_lines_per_tag"":0,""association"":0,""latency"":0,""type"":{""Data"":1,""Instruction"":0,""CPU"":0,""HSACU"":1}},{""processor_id_low"":2147487749,""size"":32,""level"":1,""cache_line_size"":128,""cache_lines_per_tag"":0,""association"":0,""latency"":0,""type"":{""Data"":1,""Instruction"":0,""CPU"":0,""HSACU"":1}},{""processor_id_low"":2147487750,""size"":32,""level"":1,""cache_line_size"":128,""cache_lines_per_tag"":0,""association"":0,""latency"":0,""type"":{""Data"":1,""Instruction"":0,""CPU"":0,""HSACU"":1}},{""processor_id_low"":2147487751,""size"":32,""level"":1,""cache_line_size"":128,""cache_lines_per_tag"":0,""association"":0,""latency"":0,""type"":{""Data"":1,""Instruction"":0,""CPU"":0,""HSACU"":1}},{""processor_id_low"":2147487752,""size"":32,""level"":1,""cache_line_size"":128,""cache_lines_per_tag"":0,""association"":0,""latency"":0,""type"":{""Data"":1,""Instruction"":0,""CPU"":0,""HSACU"":1}},{""processor_id_low"":2147487753,""size"":32,""level"":1,""cache_line_size"":128,""cache_lines_per_tag"":0,""association"":0,""latency"":0,""type"":{""Data"":1,""Instruction"":0,""CPU"":0,""HSACU"":1}},{""processor_id_low"":2147487754,""size"":32,""level"":1,""cache_line_size"":128,""cache_lines_per_tag"":0,""association"":0,""latency"":0,""type"":{""Data"":1,""Instruction"":0,""CPU"":0,""HSACU"":1}},{""processor_id_low"":2147487755,""size"":32,""level"":1,""cache_line_size"":128,""cache_lines_per_tag"":0,""association"":0,""latency"":0,""type"":{""Data"":1,""Instruction"":0,""CPU"":0,""HSACU"":1}},{""processor_id_low"":2147487756,""size"":32,""level"":1,""cache_line_size"":128,""cache_lines_per_tag"":0,""association"":0,""latency"":0,""type"":{""Data"":1,""Instruction"":0,""CPU"":0,""HSACU"":1}},{""processor_id_low"":2147487757,""size"":32,""level"":1,""cache_line_size"":128,""cache_lines_per_tag"":0,""association"":0,""latency"":0,""type"":{""Data"":1,""Instruction"":0,""CPU"":0,""HSACU"":1}},{""processor_id_low"":2147487758,""size"":32,""level"":1,""cache_line_size"":128,""cache_lines_per_tag"":0,""association"":0,""latency"":0,""type"":{""Data"":1,""Instruction"":0,""CPU"":0,""HSACU"":1}},{""processor_id_low"":2147487759,""size"":32,""level"":1,""cache_line_size"":128,""cache_lines_per_tag"":0,""association"":0,""latency"":0,""type"":{""Data"":1,""Instruction"":0,""CPU"":0,""HSACU"":1}},{""processor_id_low"":2147487760,""size"":32,""level"":1,""cache_line_size"":128,""cache_lines_per_tag"":0,""association"":0,""latency"":0,""type"":{""Data"":1,""Instruction"":0,""CPU"":0,""HSACU"":1}},{""processor_id_low"":2147487761,""size"":32,""level"":1,""cache_line_size"":128,""cache_lines_per_tag"":0,""association"":0,""latency"":0,""type"":{""Data"":1,""Instruction"":0,""CPU"":0,""HSACU"":1}},{""processor_id_low"":2147487762,""size"":32,""level"":1,""cache_line_size"":128,""cache_lines_per_tag"":0,""association"":0,""latency"":0,""type"":{""Data"":1,""Instruction"":0,""CPU"":0,""HSACU"":1}},{""processor_id_low"":2147487763,""size"":32,""level"":1,""cache_line_size"":128,""cache_lines_per_tag"":0,""association"":0,""latency"":0,""type"":{""Data"":1,""Instruction"":0,""CPU"":0,""HSACU"":1}},{""processor_id_low"":2147487764,""size"":32,""level"":1,""cache_line_size"":128,""cache_lines_per_tag"":0,""association"":0,""latency"":0,""type"":{""Data"":1,""Instruction"":0,""CPU"":0,""HSACU"":1}},{""processor_id_low"":2147487765,""size"":32,""level"":1,""cache_line_size"":128,""cache_lines_per_tag"":0,""association"":0,""latency"":0,""type"":{""Data"":1,""Instruction"":0,""CPU"":0,""HSACU"":1}},{""processor_id_low"":2147487766,""size"":32,""level"":1,""cache_line_size"":128,""cache_lines_per_tag"":0,""association"":0,""latency"":0,""type"":{""Data"":1,""Instruction"":0,""CPU"":0,""HSACU"":1}},{""processor_id_low"":2147487767,""size"":32,""level"":1,""cache_line_size"":128,""cache_lines_per_tag"":0,""association"":0,""latency"":0,""type"":{""Data"":1,""Instruction"":0,""CPU"":0,""HSACU"":1}},{""processor_id_low"":2147487768,""size"":32,""level"":1,""cache_line_size"":128,""cache_lines_per_tag"":0,""association"":0,""latency"":0,""type"":{""Data"":1,""Instruction"":0,""CPU"":0,""HSACU"":1}},{""processor_id_low"":2147487769,""size"":32,""level"":1,""cache_line_size"":128,""cache_lines_per_tag"":0,""association"":0,""latency"":0,""type"":{""Data"":1,""Instruction"":0,""CPU"":0,""HSACU"":1}},{""processor_id_low"":2147487770,""size"":32,""level"":1,""cache_line_size"":128,""cache_lines_per_tag"":0,""association"":0,""latency"":0,""type"":{""Data"":1,""Instruction"":0,""CPU"":0,""HSACU"":1}},{""processor_id_low"":2147487771,""size"":32,""level"":1,""cache_line_size"":128,""cache_lines_per_tag"":0,""association"":0,""latency"":0,""type"":{""Data"":1,""Instruction"":0,""CPU"":0,""HSACU"":1}},{""processor_id_low"":2147487772,""size"":32,""level"":1,""cache_line_size"":128,""cache_lines_per_tag"":0,""association"":0,""latency"":0,""type"":{""Data"":1,""Instruction"":0,""CPU"":0,""HSACU"":1}},{""processor_id_low"":2147487773,""size"":32,""level"":1,""cache_line_size"":128,""cache_lines_per_tag"":0,""association"":0,""latency"":0,""type"":{""Data"":1,""Instruction"":0,""CPU"":0,""HSACU"":1}},{""processor_id_low"":2147487774,""size"":32,""level"":1,""cache_line_size"":128,""cache_lines_per_tag"":0,""association"":0,""latency"":0,""type"":{""Data"":1,""Instruction"":0,""CPU"":0,""HSACU"":1}},{""processor_id_low"":2147487775,""size"":32,""level"":1,""cache_line_size"":128,""cache_lines_per_tag"":0,""association"":0,""latency"":0,""type"":{""Data"":1,""Instruction"":0,""CPU"":0,""HSACU"":1}},{""processor_id_low"":2147487776,""size"":32,""level"":1,""cache_line_size"":128,""cache_lines_per_tag"":0,""association"":0,""latency"":0,""type"":{""Data"":1,""Instruction"":0,""CPU"":0,""HSACU"":1}},{""processor_id_low"":2147487777,""size"":32,""level"":1,""cache_line_size"":128,""cache_lines_per_tag"":0,""association"":0,""latency"":0,""type"":{""Data"":1,""Instruction"":0,""CPU"":0,""HSACU"":1}},{""processor_id_low"":2147487778,""size"":32,""level"":1,""cache_line_size"":128,""cache_lines_per_tag"":0,""association"":0,""latency"":0,""type"":{""Data"":1,""Instruction"":0,""CPU"":0,""HSACU"":1}},{""processor_id_low"":2147487779,""size"":32,""level"":1,""cache_line_size"":128,""cache_lines_per_tag"":0,""association"":0,""latency"":0,""type"":{""Data"":1,""Instruction"":0,""CPU"":0,""HSACU"":1}},{""processor_id_low"":2147487780,""size"":32,""level"":1,""cache_line_size"":128,""cache_lines_per_tag"":0,""association"":0,""latency"":0,""type"":{""Data"":1,""Instruction"":0,""CPU"":0,""HSACU"":1}},{""processor_id_low"":2147487781,""size"":32,""level"":1,""cache_line_size"":128,""cache_lines_per_tag"":0,""association"":0,""latency"":0,""type"":{""Data"":1,""Instruction"":0,""CPU"":0,""HSACU"":1}},{""processor_id_low"":2147487782,""size"":32,""level"":1,""cache_line_size"":128,""cache_lines_per_tag"":0,""association"":0,""latency"":0,""type"":{""Data"":1,""Instruction"":0,""CPU"":0,""HSACU"":1}},{""processor_id_low"":2147487783,""size"":32,""level"":1,""cache_line_size"":128,""cache_lines_per_tag"":0,""association"":0,""latency"":0,""type"":{""Data"":1,""Instruction"":0,""CPU"":0,""HSACU"":1}},{""processor_id_low"":2147487744,""size"":32,""level"":1,""cache_line_size"":128,""cache_lines_per_tag"":0,""association"":0,""latency"":0,""type"":{""Data"":0,""Instruction"":1,""CPU"":0,""HSACU"":1}},{""processor_id_low"":2147487746,""size"":32,""level"":1,""cache_line_size"":128,""cache_lines_per_tag"":0,""association"":0,""latency"":0,""type"":{""Data"":0,""Instruction"":1,""CPU"":0,""HSACU"":1}},{""processor_id_low"":2147487748,""size"":32,""level"":1,""cache_line_size"":128,""cache_lines_per_tag"":0,""association"":0,""latency"":0,""type"":{""Data"":0,""Instruction"":1,""CPU"":0,""HSACU"":1}},{""processor_id_low"":2147487750,""size"":32,""level"":1,""cache_line_size"":128,""cache_lines_per_tag"":0,""association"":0,""latency"":0,""type"":{""Data"":0,""Instruction"":1,""CPU"":0,""HSACU"":1}},{""processor_id_low"":2147487752,""size"":32,""level"":1,""cache_line_size"":128,""cache_lines_per_tag"":0,""association"":0,""latency"":0,""type"":{""Data"":0,""Instruction"":1,""CPU"":0,""HSACU"":1}},{""processor_id_low"":2147487754,""size"":32,""level"":1,""cache_line_size"":128,""cache_lines_per_tag"":0,""association"":0,""latency"":0,""type"":{""Data"":0,""Instruction"":1,""CPU"":0,""HSACU"":1}},{""processor_id_low"":2147487756,""size"":32,""level"":1,""cache_line_size"":128,""cache_lines_per_tag"":0,""association"":0,""latency"":0,""type"":{""Data"":0,""Instruction"":1,""CPU"":0,""HSACU"":1}},{""processor_id_low"":2147487758,""size"":32,""level"":1,""cache_line_size"":128,""cache_lines_per_tag"":0,""association"":0,""latency"":0,""type"":{""Data"":0,""Instruction"":1,""CPU"":0,""HSACU"":1}},{""processor_id_low"":2147487760,""size"":32,""level"":1,""cache_line_size"":128,""cache_lines_per_tag"":0,""association"":0,""latency"":0,""type"":{""Data"":0,""Instruction"":1,""CPU"":0,""HSACU"":1}},{""processor_id_low"":2147487762,""size"":32,""level"":1,""cache_line_size"":128,""cache_lines_per_tag"":0,""association"":0,""latency"":0,""type"":{""Data"":0,""Instruction"":1,""CPU"":0,""HSACU"":1}},{""processor_id_low"":2147487764,""size"":32,""level"":1,""cache_line_size"":128,""cache_lines_per_tag"":0,""association"":0,""latency"":0,""type"":{""Data"":0,""Instruction"":1,""CPU"":0,""HSACU"":1}},{""processor_id_low"":2147487766,""size"":32,""level"":1,""cache_line_size"":128,""cache_lines_per_tag"":0,""association"":0,""latency"":0,""type"":{""Data"":0,""Instruction"":1,""CPU"":0,""HSACU"":1}},{""processor_id_low"":2147487768,""size"":32,""level"":1,""cache_line_size"":128,""cache_lines_per_tag"":0,""association"":0,""latency"":0,""type"":{""Data"":0,""Instruction"":1,""CPU"":0,""HSACU"":1}},{""processor_id_low"":2147487770,""size"":32,""level"":1,""cache_line_size"":128,""cache_lines_per_tag"":0,""association"":0,""latency"":0,""type"":{""Data"":0,""Instruction"":1,""CPU"":0,""HSACU"":1}},{""processor_id_low"":2147487772,""size"":32,""level"":1,""cache_line_size"":128,""cache_lines_per_tag"":0,""association"":0,""latency"":0,""type"":{""Data"":0,""Instruction"":1,""CPU"":0,""HSACU"":1}},{""processor_id_low"":2147487774,""size"":32,""level"":1,""cache_line_size"":128,""cache_lines_per_tag"":0,""association"":0,""latency"":0,""type"":{""Data"":0,""Instruction"":1,""CPU"":0,""HSACU"":1}},{""processor_id_low"":2147487776,""size"":32,""level"":1,""cache_line_size"":128,""cache_lines_per_tag"":0,""association"":0,""latency"":0,""type"":{""Data"":0,""Instruction"":1,""CPU"":0,""HSACU"":1}},{""processor_id_low"":2147487778,""size"":32,""level"":1,""cache_line_size"":128,""cache_lines_per_tag"":0,""association"":0,""latency"":0,""type"":{""Data"":0,""Instruction"":1,""CPU"":0,""HSACU"":1}},{""processor_id_low"":2147487780,""size"":32,""level"":1,""cache_line_size"":128,""cache_lines_per_tag"":0,""association"":0,""latency"":0,""type"":{""Data"":0,""Instruction"":1,""CPU"":0,""HSACU"":1}},{""processor_id_low"":2147487782,""size"":32,""level"":1,""cache_line_size"":128,""cache_lines_per_tag"":0,""association"":0,""latency"":0,""type"":{""Data"":0,""Instruction"":1,""CPU"":0,""HSACU"":1}},{""processor_id_low"":2147487744,""size"":16,""level"":1,""cache_line_size"":64,""cache_lines_per_tag"":0,""association"":0,""latency"":0,""type"":{""Data"":1,""Instruction"":0,""CPU"":0,""HSACU"":1}},{""processor_id_low"":2147487746,""size"":16,""level"":1,""cache_line_size"":64,""cache_lines_per_tag"":0,""association"":0,""latency"":0,""type"":{""Data"":1,""Instruction"":0,""CPU"":0,""HSACU"":1}},{""processor_id_low"":2147487748,""size"":16,""level"":1,""cache_line_size"":64,""cache_lines_per_tag"":0,""association"":0,""latency"":0,""type"":{""Data"":1,""Instruction"":0,""CPU"":0,""HSACU"":1}},{""processor_id_low"":2147487750,""size"":16,""level"":1,""cache_line_size"":64,""cache_lines_per_tag"":0,""association"":0,""latency"":0,""type"":{""Data"":1,""Instruction"":0,""CPU"":0,""HSACU"":1}},{""processor_id_low"":2147487752,""size"":16,""level"":1,""cache_line_size"":64,""cache_lines_per_tag"":0,""association"":0,""latency"":0,""type"":{""Data"":1,""Instruction"":0,""CPU"":0,""HSACU"":1}},{""processor_id_low"":2147487754,""size"":16,""level"":1,""cache_line_size"":64,""cache_lines_per_tag"":0,""association"":0,""latency"":0,""type"":{""Data"":1,""Instruction"":0,""CPU"":0,""HSACU"":1}},{""processor_id_low"":2147487756,""size"":16,""level"":1,""cache_line_size"":64,""cache_lines_per_tag"":0,""association"":0,""latency"":0,""type"":{""Data"":1,""Instruction"":0,""CPU"":0,""HSACU"":1}},{""processor_id_low"":2147487758,""size"":16,""level"":1,""cache_line_size"":64,""cache_lines_per_tag"":0,""association"":0,""latency"":0,""type"":{""Data"":1,""Instruction"":0,""CPU"":0,""HSACU"":1}},{""processor_id_low"":2147487760,""size"":16,""level"":1,""cache_line_size"":64,""cache_lines_per_tag"":0,""association"":0,""latency"":0,""type"":{""Data"":1,""Instruction"":0,""CPU"":0,""HSACU"":1}},{""processor_id_low"":2147487762,""size"":16,""level"":1,""cache_line_size"":64,""cache_lines_per_tag"":0,""association"":0,""latency"":0,""type"":{""Data"":1,""Instruction"":0,""CPU"":0,""HSACU"":1}},{""processor_id_low"":2147487764,""size"":16,""level"":1,""cache_line_size"":64,""cache_lines_per_tag"":0,""association"":0,""latency"":0,""type"":{""Data"":1,""Instruction"":0,""CPU"":0,""HSACU"":1}},{""processor_id_low"":2147487766,""size"":16,""level"":1,""cache_line_size"":64,""cache_lines_per_tag"":0,""association"":0,""latency"":0,""type"":{""Data"":1,""Instruction"":0,""CPU"":0,""HSACU"":1}},{""processor_id_low"":2147487768,""size"":16,""level"":1,""cache_line_size"":64,""cache_lines_per_tag"":0,""association"":0,""latency"":0,""type"":{""Data"":1,""Instruction"":0,""CPU"":0,""HSACU"":1}},{""processor_id_low"":2147487770,""size"":16,""level"":1,""cache_line_size"":64,""cache_lines_per_tag"":0,""association"":0,""latency"":0,""type"":{""Data"":1,""Instruction"":0,""CPU"":0,""HSACU"":1}},{""processor_id_low"":2147487772,""size"":16,""level"":1,""cache_line_size"":64,""cache_lines_per_tag"":0,""association"":0,""latency"":0,""type"":{""Data"":1,""Instruction"":0,""CPU"":0,""HSACU"":1}},{""processor_id_low"":2147487774,""size"":16,""level"":1,""cache_line_size"":64,""cache_lines_per_tag"":0,""association"":0,""latency"":0,""type"":{""Data"":1,""Instruction"":0,""CPU"":0,""HSACU"":1}},{""processor_id_low"":2147487776,""size"":16,""level"":1,""cache_line_size"":64,""cache_lines_per_tag"":0,""association"":0,""latency"":0,""type"":{""Data"":1,""Instruction"":0,""CPU"":0,""HSACU"":1}},{""processor_id_low"":2147487778,""size"":16,""level"":1,""cache_line_size"":64,""cache_lines_per_tag"":0,""association"":0,""latency"":0,""type"":{""Data"":1,""Instruction"":0,""CPU"":0,""HSACU"":1}},{""processor_id_low"":2147487780,""size"":16,""level"":1,""cache_line_size"":64,""cache_lines_per_tag"":0,""association"":0,""latency"":0,""type"":{""Data"":1,""Instruction"":0,""CPU"":0,""HSACU"":1}},{""processor_id_low"":2147487782,""size"":16,""level"":1,""cache_line_size"":64,""cache_lines_per_tag"":0,""association"":0,""latency"":0,""type"":{""Data"":1,""Instruction"":0,""CPU"":0,""HSACU"":1}},{""processor_id_low"":2147487744,""size"":256,""level"":1,""cache_line_size"":128,""cache_lines_per_tag"":0,""association"":0,""latency"":0,""type"":{""Data"":1,""Instruction"":0,""CPU"":0,""HSACU"":1}},{""processor_id_low"":2147487754,""size"":256,""level"":1,""cache_line_size"":128,""cache_lines_per_tag"":0,""association"":0,""latency"":0,""type"":{""Data"":1,""Instruction"":0,""CPU"":0,""HSACU"":1}},{""processor_id_low"":2147487764,""size"":256,""level"":1,""cache_line_size"":128,""cache_lines_per_tag"":0,""association"":0,""latency"":0,""type"":{""Data"":1,""Instruction"":0,""CPU"":0,""HSACU"":1}},{""processor_id_low"":2147487774,""size"":256,""level"":1,""cache_line_size"":128,""cache_lines_per_tag"":0,""association"":0,""latency"":0,""type"":{""Data"":1,""Instruction"":0,""CPU"":0,""HSACU"":1}},{""processor_id_low"":2147487744,""size"":2048,""level"":2,""cache_line_size"":128,""cache_lines_per_tag"":0,""association"":0,""latency"":0,""type"":{""Data"":1,""Instruction"":0,""CPU"":0,""HSACU"":1}},{""processor_id_low"":2147487744,""size"":32768,""level"":3,""cache_line_size"":64,""cache_lines_per_tag"":0,""association"":0,""latency"":0,""type"":{""Data"":1,""Instruction"":0,""CPU"":0,""HSACU"":1}}],""io_links"":[{""type"":2,""version_major"":0,""version_minor"":0,""node_from"":1,""node_to"":0,""weight"":20,""min_latency"":0,""max_latency"":0,""min_bandwidth"":0,""max_bandwidth"":32000,""recommended_transfer_size"":0,""flags"":{""Override"":1,""NonCoherent"":0,""NoAtomics32bit"":0,""NoAtomics64bit"":0,""NoPeerToPeerDMA"":0}}],""gpu_index"":0}"
8070450532247928832,00003cb2-faf3-7af3-9f1a-9699fb014c99,1655282045,1298686,,,,,KFD_EVENT_PAGE_MIGRATE,KFD_EVENT_PAGE_MIGRATE,"KFD page migration events","",rocm,"",ABS,KFD,,0,0,{}
8070450532247928833,00003cb2-faf3-7af3-9f1a-9699fb014c99,1655282045,1298686,,,,,KFD_EVENT_PAGE_FAULT,KFD_EVENT_PAGE_FAULT,"KFD page fault events","",rocm,"",ABS,KFD,,0,0,{}
8070450532247928834,00003cb2-faf3-7af3-9f1a-9699fb014c99,1655282045,1298686,,,,,KFD_EVENT_QUEUE,KFD_EVENT_QUEUE,"KFD queue eviction/restore events","",rocm,"",ABS,KFD,,0,0,{}
8070450532247928835,00003cb2-faf3-7af3-9f1a-9699fb014c99,1655282045,1298686,,,,,KFD_EVENT_UNMAP_FROM_GPU,KFD_EVENT_UNMAP_FROM_GPU,"KFD unmap from GPU events","",rocm,"",ABS,KFD,,0,0,{}
8070450532247928836,00003cb2-faf3-7af3-9f1a-9699fb014c99,1655282045,1298686,,,,,KFD_EVENT_DROPPED_EVENTS,KFD_EVENT_DROPPED_EVENTS,"KFD dropped_events events","",rocm,"",ABS,KFD,,0,0,{}
8070450532247928837,00003cb2-faf3-7af3-9f1a-9699fb014c99,1655282045,1298686,,,,,KFD_PAGE_MIGRATE,KFD_PAGE_MIGRATE,"KFD page migration paired records","",rocm,"",ABS,KFD,,0,0,{}
8070450532247928838,00003cb2-faf3-7af3-9f1a-9699fb014c99,1655282045,1298686,,,,,KFD_PAGE_FAULT,KFD_PAGE_FAULT,"KFD page fault paired records","",rocm,"",ABS,KFD,,0,0,{}
8070450532247928839,00003cb2-faf3-7af3-9f1a-9699fb014c99,1655282045,1298686,,,,,KFD_QUEUE,KFD_QUEUE,"KFD queue eviction/restore paired records","",rocm,"",ABS,KFD,,0,0,{}

=== TABLE: rocpd_pmc_event ===id,guid,event_id,pmc_id,value,extdata
1,00003cb2-faf3-7af3-9f1a-9699fb014c99,1,2362,50.0478607162853,{}
2,00003cb2-faf3-7af3-9f1a-9699fb014c99,2,2362,50.0027122321671,{}
3,00003cb2-faf3-7af3-9f1a-9699fb014c99,3,2362,58.3264785695639,{}
4,00003cb2-faf3-7af3-9f1a-9699fb014c99,4,2362,61.4148435275078,{}
5,00003cb2-faf3-7af3-9f1a-9699fb014c99,5,2362,63.2726617507706,{}
6,00003cb2-faf3-7af3-9f1a-9699fb014c99,6,2362,61.6413429072212,{}
7,00003cb2-faf3-7af3-9f1a-9699fb014c99,7,2362,61.4426605540312,{}
8,00003cb2-faf3-7af3-9f1a-9699fb014c99,8,2362,64.3148149352108,{}
9,00003cb2-faf3-7af3-9f1a-9699fb014c99,9,2362,62.1366066495696,{}
10,00003cb2-faf3-7af3-9f1a-9699fb014c99,10,2362,63.1421937597347,{}
11,00003cb2-faf3-7af3-9f1a-9699fb014c99,11,2362,62.660116026803,{}
12,00003cb2-faf3-7af3-9f1a-9699fb014c99,12,2362,62.0419148010063,{}
13,00003cb2-faf3-7af3-9f1a-9699fb014c99,13,2362,61.5444467662129,{}
14,00003cb2-faf3-7af3-9f1a-9699fb014c99,14,2362,60.3102624867325,{}
15,00003cb2-faf3-7af3-9f1a-9699fb014c99,15,2362,63.5330000615164,{}

=== TABLE: top_kernels ===name,total_calls,total_duration,average,percentage
gemm_gate_up_mq4g256_lloyd_wmma,13,54091.64,4160.895,99.888098805595
__amd_rocclr_fillBufferAligned,2,60.597,30.298,0.111901194404951

